Titre;Titre VO;Réalisateur;Date de sortie;Pays
10 Cloverfield Lane;10 Cloverfield Lane;Dan Trachtenberg;10/03/2016;Etats-Unis
120 battements par minute;120 battements par minute;Robin Campillo;23/08/2017;France
2 soeurs;Janghwa Hongryeon;Kim Jee-woon;12/06/2003;Corée
20th Century Women;20th Century Women;Mike Mills;20/01/2017;Etats-Unis
A bord du Darjeeling Limited;The Darjeeling Limited;Wes Anderson;25/10/2007;Etats-Unis
À couteaux tirés;Knives Out;Rian Johnson;27/11/2019;Etats-Unis
Adieu les cons;Adieu les cons;Albert Dupontel;21/10/2020;France
Alien, le huitième passager;Alien;Ridley Scott;;Etats-Unis
Anatomie d'une chute;Anatomie d'une chute;Justine Triet;23/08/2023;France
Animatrix;The Animatrix;Lana et Lilly Wachowski;03/06/2003;Etats-Unis
Arizona Dream;Arizona Dream;Emir Kusturica;05/01/1993;France
Armageddon;Armageddon;Michael Bay;01/07/1998;Etats-Unis
Arrete moi si tu peux;Catch Me If You Can;Steven Spielberg;15/12/2002;Etats-Unis
Arsene Lupin;Arsene Lupin;Jean-Paul Salome;12/10/2004;France
Astérix : Le Secret de la potion magique;Astérix : Le Secret de la potion magique;Alexandre Astier;05/12/2018;France
Astérix et Obélix : Mission Cléopâtre;Astérix et Obélix : Mission Cléopâtre;Alain Chabat;30/01/2002;France
Au revoir là haut;Au revoir là haut;Albert Dupontel;27/07/2017;France
Aviator;The Aviator;Martin Scorsese;24/12/2004;Etats-Unis
Avril et le Monde truqué;Avril et le Monde truqué;Christian Desmares;04/11/2015;France
Babe, le cochon devenu berger;Babe;Chris Noonan;;Australie
Barb et Star vont à Vista Del Mar;Barb and Star Go to Vista Del Mar;Josh Greenbaum;12/02/2021;Etats-Unis
Be Bad!;Youth in Revolt;Miguel Arteta;07/01/2010;Etats-Unis
Beetlejuice;Beetlejuice;Tim Burton;13/12/1988;Etats-Unis
Benny and Joon;Benny and Joon;Jeremiah S. Chechik;15/04/1993;Etats-Unis
Bienvenue à Gattaca;Gattaca;Andrew Niccol;;Etats-Unis
Birds of Prey;Birds of Prey (and the Fantabulous Emancipation of One Harley Quinn);Cathy Yan;05/02/2020;Etats-Unis
Black Panther;Black Panther;Ryan Coogler;;Etats-Unis
BlacKkKlansman;BlacKkKlansman;Spike Lee;01/01/1970;Etats-Unis
Bloodsport;Bloodsport;Newt Arnold;26/02/1988;Etats-Unis
Boulevard de la mort;Death Proof;Quentin Tarantino;05/06/2007;Etats-Unis
Bowling for Columbine;Bowling for Columbine;Michael Moore;30/08/2002;Etats-Unis
Brisby et le Secret de NIMH;The Secret of NIMH;Don Bluth;02/07/1982;Etats-Unis
Bullet Train;Bullet Train;David Leitch;03/08/2022;Etats-Unis
Captain Fantastic;Captain Fantastic;Matt Ross;25/07/2016;Etats-Unis
Certains l'aiment chaud;Some Like It Hot;Billy Wilder;29/03/1959;Etats-Unis
Chicago;Chicago;Rob Marshall;23/01/2003;Etats-Unis
Citizen Kane;Citizen Kane;Orson Welles;05/09/1941;Etats-Unis
Cloud Atlas;Cloud Atlas;The Wachowski;25/10/2012;Etats-Unis
Clueless;Clueless;Amy Heckerling;19/07/1995;Etats-Unis
Comme chiens et chats;Cats and dogs;Lawrence Guterman;;Etats-Unis
Crazy Kung-fu;Gōngfu;Stephen Chow;23/12/2004;Hong Kong
Cry-Baby;Cry-Baby;John Waters;05/04/1990;Etats-Unis
Cyclo;Xich Lo;Tran Anh Hung;;Vietnam
Dallas Buyers Club;Dallas Buyers Club;Jean-Marc Vallee;01/11/2013;Etats-Unis
Dans la brume;Dans la brume;Daniel Roby;04/04/2018;France
Dead Man;Dead Man;Jim Jarmusch;09/05/1996;Etats-Unis
Deadpool;Deadpool;Tim Miller;10/01/2016;Etats-Unis
Demolition;Demolition;Jean-Marc Vallee;06/04/2016;Etats-Unis
Dernier train pour Busan;boo-san-haeng;Yeon Sang-ho;17/08/2016;Corée
Diplomatie;Diplomatie;Volker Schlondorff;05/03/2014;France
Django Unchained;Django Unchained;Quentin Tarantino;25/12/2012;Etats-Unis
Doctor Sleep;Doctor Sleep;Mike Flanagan;;Etats-Unis
Dofus, livre 1 : Julith;Dofus, livre 1 : Julith;;03/02/2016;France
Donnie Darko;Donnie Darko;Richard Kelly;26/10/2001;Etats-Unis
Dragons;How to Train Your Dragon;Dean DeBlois;26/03/2010;Etats-Unis
Dragons 2;How to Train Your Dragon 2;Dean DeBlois;02/07/2014;Etats-Unis
Drive-Away Dolls;Drive-Away Dolls;Joel et Ethan Coen;22/02/2024;Etats-Unis
Dune;Dune;Denis Villeneuve;;Etats-Unis
Dune : deuxième partie;Dune: Part Two;Denis Villeneuve;28/02/2024;Etats-Unis
Easy girl;Easy A;Will Gluck;17/09/2010;Etats-Unis
Ed Wood;Ed Wood;Tim Burton;26/09/1994;Etats-Unis
Edmond;Edmond;Alexis Michalik;09/01/2019;France
Edward aux mains d'argent;Edward Scissorhands;Tim Burton;05/12/1990;Etats-Unis
Encanto;Encanto;Jared Bush;24/11/2021;Etats-Unis
Entretien avec un vampire;Interview With The Vampire;Neil Jordan;11/11/1994;Etats-Unis
Eternal Sunshine of the Spotless Mind;Eternal Sunshine of the Spotless Mind;Michel Gondry;19/03/2004;Etats-Unis
Evangelion: 1.0 You Are (Not) Alone;Evangerion Shin Gekijoban: Jo;Hideaki Anno;;Japon
Evangelion: 2.0 You Can (Not) Advance;Evangerion Shin Gekijoban: Ha;Hideaki Anno;;Japon
Everything everywhere all at once;Everything everywhere all at once;Daniel Kwan;;Etats-Unis
Fanfan la Tulipe;Fanfan la Tulipe;Gerard Krawczyk;14/05/2003;France
Fantastic Mr. Fox;Fantastic Mr. Fox;Wes Anderson;17/02/2010;Etats-Unis
Fenêtre secrète;Secret Window;David Koepp;12/05/2004;Etats-Unis
Fight club;Fight club;David Fincher;15/10/1999;Etats-Unis
Five;Five;Igor Gotesman;30/03/2016;France
From Hell;From Hell;Albert et Allen Hughes;19/10/2001;Etats-Unis
Furyo;Senjo no Merry Christmas;Nagisa Oshima;;Japon
Gainsbourg, vie heroique;Gainsbourg, vie heroique;Joann Sfar;20/01/2010;France
Generation RX;The Chumscrubber;Arie Posin;26/08/2005;Etats-Unis
Get Out;Get Out;Jordan Peele;;Etats-Unis
Gilbert Grape;What's Eating Gilbert Grape;Lasse Hallstrom;25/12/1993;Etats-Unis
Gilda;Gilda;Charles Vidor;;Etats-Unis
Good Morning England;The Boat That Rocked;Richard Curtis;01/04/2009;Angleterre
Goodbye Lenin;Goodbye Lenin;Wolfgang Becker;13/02/2003;Allemagne
Gremlins;Gremlins;Joe Dante;08/06/1984;Etats-Unis
Gremlins 2 : La Nouvelle Génération;Gremlins 2: The New Batch;Joe Dante;15/06/1990;Etats-Unis
Hana et Alice mènent l'enquête;Hana to Arisu Satsujin Jiken;Iwai Shunji;20/02/2015;Japon
Harriet;Harriet;Kasi Lemmons;01/11/2019;Etats-Unis
Harvey Milk;Milk;Gus Van Sant;26/11/2008;Etats-Unis
Hunger Games;The Hunger Games;Gary Ross;21/03/2012;Etats-Unis
Hunger Games : L'Embrasement;The Hunger Games: Catching Fire;Francis Lawrence;22/11/2013;Etats-Unis
Hunger Games : La Révolte, partie 1;The Hunger Games: Mokingjay - Part 1;Francis Lawrence;19/11/2014;Etats-Unis
Hunger Games : La Révolte, partie 2;The Hunger Games: Mockingjay - Part 2;Francis Lawrence;19/11/2015;Etats-Unis
I Love You Phillip Morris;I Love You Phillip Morris;Glenn Ficarra;10/02/2010;Etats-Unis
Identity;Identity;James Mangold;;Etats-Unis
Il etait une fois au Mexique... Desperado 2;Once Upon a Time in Mexico;Robert Rodriguez;12/09/2003;Etats-Unis
Il était une fois dans l'Ouest;C'era una volta il West;Sergio Leone;;Italie
In The Mood For Love;花樣年華;Wong Kar-wai;29/09/2000;Chine
Incassable;Unbreakable;M. Night Shyamalan;;Etats-Unis
Inception;Inception;Christopher Nolan;;Etats-Unis
Independence Day;Independence Day;Roland Emmerich;03/07/1996;Etats-Unis
Inglourious Basterds;Inglourious Basterds;Quentin Tarantino;18/08/2009;Etats-Unis
Inside Job;Inside Job;Charles Ferguson;08/10/2010;Etats-Unis
Interstellar;Interstellar;Christopher Nolan;07/11/2014;Etats-Unis
J'ai tué ma mère;J'ai tué ma mère;Xavier Dolan;15/07/2009;Canada
Jack et la Mécanique du cœur;Jack et la Mécanique du cœur;Matthias Malzieu;05/02/2014;France
John Wick;John Wick;Chad Stahelski;24/10/2014;Etats-Unis
John Wick 2;John Wick: Chapter 2;Chad Stahelski;10/02/2017;Etats-Unis
John Wick Parabellum;John Wick Parabellum;Chad Stahelski;17/05/2019;Etats-Unis
Jumanji;Jumanji;Joe Johnston;15/12/1995;Etats-Unis
Jumanji : Bienvenue dans la jungle;Jumanji: Welcome to the Jungle;Jake Kasdan;20/12/2017;Etats-Unis
Jurassic Park;Jurassic Park;Steven Spielberg;11/06/1993;Etats-Unis
Jusqu'a ce que la fin du monde nous sépare;Seeking a Friend for the End of the World;Lorene Scafaria;22/06/2012;Etats-Unis
Kaamelott : Premier Volet;Kaamelott : Premier Volet;Alexandre Astier;;France
Kaboom;Kaboom;Greg Araki;06/10/2010;Etats-Unis
Kamikaze girls;Shimotsuma Monogatari;Tetsuya Nakashima;12/05/2004;Japon
Kill Bill : Volume I;Kill Bill : Volume I;Quentin Tarantino;25/11/2003;Etats-Unis
Kill Bill : Volume II;Kill Bill : Volume II;Quentin Tarantino;16/05/2004;Etats-Unis
Kingsglaive: Final Fantasy XV;Kingusugureibu: Fainaru Fantajī Fifutīn;Takeshi Nozue;09/07/2016;Japon
Kubo et l'Armure magique;Kubo and the Two Strings;Travis Knight;19/08/2016;Etats-Unis
Kuzco, l'empereur mégalo;The Emperor's New Groove;Mark Dindal;10/12/2000;Etats-Unis
L'Effet papillon;The Butterfly Effect;Eric Bress;;Etats-Unis
L'Enfant lion;L'Enfant lion;Patrick Grandperret;;France
L'Étrange Noël de monsieur Jack;The Nightmare Before Christmas;Henry Selick;29/01/1993;Etats-Unis
L'Extravagant Voyage du jeune et prodigieux T. S. Spivet;;Jean-Pierre Jeunet;15/10/2013;France
L'Histoire sans fin;Die unendliche Geschichte;Wolfgang Petersen;06/04/1984;Allemagne
L'Ile Aux Chiens;Isle Of Dog;Wes Anderson;;Etats-Unis
L'Odeur de la papaye verte;Mui du du xanh;Tran Anh Hung;;Vietnam
L'Ombre d'Emily;A Simple Favor;Paul Feig;;Etats-Unis
La Cabane dans les Bois;The Cabin in the Woods;Drew Goddard;13/04/2012;Etats-Unis
La Cite de la peur;La Cite de la peur;Alain Berberian;08/03/1994;France
La Dernière Licorne;The Last Unicorn;Jules Bass;19/11/1982;
La Famille Tenenbaum;The Royal Tenenbaums;Wes Anderson;14/12/2001;Etats-Unis
La Favorite;The Favourite;Yórgos Lánthimos;23/11/2018;Etats-Unis
La Jeune Fille de l'eau;Lady in the Water;M. Night Shyamalan;;Etats-Unis
La ligne verte;The green mile;Frank Darabont;10/12/1999;Etats-Unis
La Ligue des gentlemen extraordinaires;The League of Extraordinary Gentlemen;Stephen Norrington;10/07/2003;Etats-Unis
La Momie;The Mummy;Stephen Sommers;07/05/1999;Etats-Unis
La Reine Des Neiges;Frozen;Chris Buck;27/11/2013;Etats-Unis
La Saveur Des Ramen;Ramen Teh;Eric Khoo;29/03/2018;Singapour
La Traversée du temps;Toki o kakeru shojo;Mamoru Hosoda;15/07/2006;Japon
Là-haut;Up;Bob Peterson;29/07/2009;Etats-Unis
Lady Vengeance;Chinjeolhan geumjassii;Park Chan-wook;15/11/2005;Corée
Laurence Anyways;Laurence Anyways;Xavier Dolan;18/07/2012;Canada
Le Bal Des Vampires;The Fearless Vampire Killers;Roman Polanski;;Etats-Unis
Le Bon, la Brute et le Truand;Il buono, il brutto; il cattivo;Sergio Leone;;Italie
Le Cercle des poètes disparus;Dead Poets Society;Peter Weir;;Etats-Unis
Le Chat Du Rabbin;Le Chat Du Rabbin;Joann Sfar;01/06/2011;France
Le Château ambulant;Hauru no ugoku shiro;Hayao Miyazaki;20/11/2004;Japon
Le Château dans le ciel;Tenku no shiro Rapyuta;Hayao Miyazaki;02/08/1986;Japon
Le Concert;Le Concert;Radu Mihaileanu;03/11/2009;France
Le Crime de l'Orient-Express;Murder on the Orient Express;Kenneth Branagh;;Etats-Unis
Le Fabuleux Destin d'Amelie Poulain;Le Fabuleux Destin d'Amelie Poulain;Jean-Pierre Jeunet;24/04/2001;France
Le Garçon et la Bête;Bakemono no ko;Mamoru Hosoda;11/07/2015;Japon
Le labyrinthe de Pan;El laberinto del fauno;Guillermo del Toro;10/10/2006;Espagne
Le Labyrinthe du silence;Im Labyrinth des Schweigens;Giulio Ricciarelli;05/11/2014;Allemagne
Le Monde de Charlie;The Perks of Being a Wallflower;Stephen Chbosky;20/09/2012;Etats-Unis
Le Nom des gens;Le Nom des gens;Michel Leclerc;12/12/2010;France
Le Peuple Loup;Wolfwalkers;Tomm Moore;;Japon
Le pont de la rivière Kwaï;The Bridge on the River Kwai;David Lean;;Angleterre
Le Roi Arthur : La Légende d'Excalibur;King Arthur);Guy Ritchie;;Etats-Unis
Le Roi des ronces;Ibara no O;Kazuyoshi Katayama;01/05/2010;Japon
Le Secret des Marrowbone;El secreto de Marrowbone;Sergio G. Sánchez;;Espagne
Le Seigneur des anneaux - La communauté de l'anneau;The Lord of the Rings: The Fellowship of the Ring;Peter Jackson;10/12/2001;Etats-Unis
Le Seigneur des anneaux - Le Retour du Roi;The Lord of the Rings: The Return of the King;Peter Jackson;01/12/2003;Etats-Unis
Le Seigneur des anneaux - Les Deux Tours;The Lord of the Rings: The Two Towers;Peter Jackson;05/12/2002;Etats-Unis
Le Silence des Agneaux;The Silence of the Lambs;Jonathan Demme;29/01/1991;Etats-Unis
Le Tombeau des lucioles;Hotaru no haka;Isao Takahata;19/06/1996;Japon
Le Tout Nouveau Testament;Le Tout Nouveau Testament;Jaco Van Dormael;01/09/2015;Belgique
Le Viager;Le Viager;Pierre Tchernia;;France
Le Voyage de Chihiro;Sen to Chihiro no kamikakushi;Hayao Miyazaki;20/07/2001;Japon
Léo, roi de la jungle;Gekijoban Janguru Taitei;Yoshio Takeuchi;01/08/1997;Japon
Les Amours imaginaires;Les Amours imaginaires;Xavier Dolan;28/09/2010;Canada
Les Animaux fantastiques;Fantastic Beasts and Where to Find Them;David Yates;16/11/2016;Etats-Unis
Les Chansons d'amour;Les Chansons d'amour;Christophe Honore;22/05/2007;France
Les Dissociés;Les Dissociés;Raphaël Descraques;24/11/2015;France
Les Enfants Loups Ame et Yuki;Okami kodomo no Ame to Yuki;Mamoru Hosoda;21/07/2012;Japon
Les figures de l'ombre;Hidden Figures;Theodore Melfi;13/01/2017;Etats-Unis
Les Huit Salopards;The Hateful Eight;Quentin Tarantino;05/01/2016;Etats-Unis
Les Invisibles;Les Invisibles;Louis-Julien Petit;09/01/2019;France
Les Noces funèbres;Corpse Bride;Tim Burton;23/09/2005;Etats-Unis
Les Vieux Fourneaux;Les Vieux Fourneaux;Christophe Duthuron;22/08/2018;France
Little Miss Sunshine;Little Miss Sunshine;Jonathan Dayton;18/08/2006;Etats-Unis
Logan;Logan;James Mangold;01/03/2017;Etats-Unis
Lou!;Lou!;Julien Neel;23/08/2014;France
M3gan;M3gan;Gerard Johnstone;06/01/2023;Etats-Unis
Mad Max: Fury Road;Mad Max: Fury Road;George Miller;13/05/2015;Etats-Unis
Mademoiselle;Agassi;Park Chan-wook;02/11/2016;Corée
Malefique;Maleficent;Robert Stromberg;29/05/2014;Etats-Unis
Marie-Antoinette;Marie-Antoinette;Sofia Coppola;23/05/2006;Etats-Unis
Matrix;The Matrix;The Wachowski;22/06/1999;Etats-Unis
Matrix Reloaded;The Matrix Reloaded;The Wachowski;06/05/2003;Etats-Unis
Matrix Revolutions;The Matrix Revolutions;The Wachowski;26/10/2003;Etats-Unis
Mekong Stories;Cha va con va;Phan Dang Di;;Vietnam
Metropolis;Metropolis;Fritz Lang;10/01/1927;Allemagne
Midnight Special;Midnight Special;Jeff Nichols;;Etats-Unis
Millennium Actress;Sennen Joyu;Satoshi Kon;14/09/2002;Japon
Minority Report;Minority Report;Steven Spielberg;19/06/2002;Etats-Unis
Miss Sloane;Miss Sloane;John Madden;06/12/2016;Etats-Unis
Mister Babadook;The Babadook;Jennifer Kent;;Etats-Unis
Moi, Tonya;I, Tonya;Craig Gillespie;08/12/2017;Etats-Unis
Mommy;Mommy;Xavier Dolan;19/09/2014;Canada
Monsieur & Madame Adelman;Monsieur & Madame Adelman;Nicolas Bedos;;France
Moonrise Kingdom;Moonrise Kingdom;Wes Anderson;16/05/2012;Etats-Unis
New York Masala;Kal Ho Naa Ho;Nikhil Advani;27/11/2003;Inde
No Country for Old Men;No Country for Old Men;Joel et Ethan Coen;18/05/2007;Etats-Unis
Nope;Nope;Jordan Peele;22/07/2022;Etats-Unis
Notre petite soeur;Umimachi Diary;Koreeda Hirokazu;13/06/2015;Japon
Nous trois ou rien;Nous trois ou rien;Kheiron;04/11/2015;France
Numéro 9;9;Shane Acker;19/08/2009;Etats-Unis
Ocean's 13;Ocean's 13;Steven Soderbergh;20/06/2007;Etats-Unis
Ocean's 8;Ocean's 8;Gary Ross;;Etats-Unis
Ocean's Eleven;Ocean's Eleven;Steven Soderbergh;06/12/2001;Etats-Unis
Ocean's Twelve;Ocean's Twelve;Steven Soderbergh;;Etats-Unis
Old;Old;M. Night Shyamalan;;Etats-Unis
Old Boy;Old Boy;Park Chan-wook;28/09/2004;Corée
Palm Springs;Palm Springs;Max Barbakow;10/07/2020;Etats-Unis
Parasite;Gisaengchung;Bong Joon-ho;;Corée
Persepolis;Persepolis;Marjane Satrapi;27/06/2007;France
Photo Obsession;One Hour Photo;Mark Romanek;13/09/2002;Etats-Unis
Pingouin & Goéland et leurs 500 petits;Pingouin & Goéland et leurs 500 petits;Michel Leclerc;03/11/2021;France
Pirates des Caraibes : Jusqu'au bout du monde;Pirates of the Caribbean : At World's End;Gore Verbinski;24/05/2007;Etats-Unis
Pitch Perfect;Pitch Perfect;Jason Moore;;Etats-Unis
Pitch Perfect 2;Pitch Perfect 2;Elizabeth Banks;;Etats-Unis
Pokémon: Détective Pikachu;Pokémon: Detective Pikachu;Rob Letterman;03/05/2019;Etats-Unis
Pompoko;Heisei tanuki gassen ponpoko;Hayao Miyazaki;16/07/1994;Japon
Ponyo sur la falaise;Gake no ue no Ponyo;Hayao Miyazaki;19/07/2008;Japon
Portrait de la jeune fille en feu;Portrait de la jeune fille en feu;Céline Sciamma;18/09/2019;France
Premier Contact;Arrival;Denis Villeneuve;11/1/2016;Etats-Unis
Princesse Mononoké;Mononoke hime;Hayao Miyazaki;12/07/1997;Japon
Priscilla Folle du Désert;The Adventures of Priscilla, Queen of the Desert;Stephan Elliott;15/05/1994;Australie
Professeur Layton et la Diva éternelle;Reiton-kyoju to Eien no Utahime;Masakazu Hashimoto;19/12/2009;Japon
Pulp Fiction;Pulp Fiction;Quentin Tarantino;24/10/1994;Etats-Unis
Qui veut la peau de Roger Rabbit;Who Framed Roger Rabbit;Robert Zemeckis;;Etats-Unis
Rango;Rango;Gore Verbinski;02/03/2011;Etats-Unis
Requiem for a Dream;Requiem for a Dream;Darren Aronofsky;20/03/2001;Etats-Unis
Rocketman;Rocketman;Dexter Fletcher;22/05/2019;Etats-Unis
Rogue One;Rogue One: A Star Wars Story;Gareth Edwards;10/12/2016;Etats-Unis
Room;Room;Lenny Abrahamson;16/10/2015;Etats-Unis
Sans Un Bruit;A Quiet Place;John Krasinski;01/01/1970;Etats-Unis
Sans un bruit 2;A quiet place part II;John Krasinski;;Etats-Unis
Shaun le mouton, le film;Shaun the Sheep Movie;Mark Burton;05/03/2007;Angleterre
Shutter Island;Shutter Island;Martin Scorsese;19/02/2010;Etats-Unis
Silent Hill;Silent Hill;Christophe Gans;20/04/2006;Canada
Sixième Sens;The Sixth Sense;M. Night Shyamalan;;Etats-Unis
Sleepy Hollow;Sleepy Hollow;Tim Burton;16/11/1999;Etats-Unis
Snatch;Snatch;Guy Ritchie;;Etats-Unis
Sorry To Bother You;Sorry To Bother You;Boots Riley;01/01/1970;Etats-Unis
Soyez sympas, rembobinez;Be Kind Rewind;Michel Gondry;;Etats-Unis
Spider-Man: New Generation;Spider-Man: Into the Spider-Verse;Peter Ramsey;12/12/2018;Etats-Unis
Starbuck;Starbuck;Ken Scott;26/07/2011;Canada
Summer Wars;Sama Wozu;Mamoru Hosoda;01/08/2009;Japon
Sweeney Todd : Le Diabolique Barbier de Fleet Street;Sweeney Todd: The Demon Barber of Fleet Street;Tim Burton;22/01/2008;Etats-Unis
Tenet;Tenet;Christopher Nolan;;Etats-Unis
Thank you for smoking;Thank You for Smoking;Jason Reitman;17/03/2006;Etats-Unis
The Big Short : Le Casse du siècle;The Big Short;Adam McKay;22/12/2015;Etats-Unis
The Boss;The Boss;Ben Falcone;07/04/2016;Etats-Unis
The Dark Knight : Le Chevalier noir;The Dark Knight;Christopher Nolan;18/07/2008;Etats-Unis
The Grand Budapest Hotel;The Grand Budapest Hotel;Wes Anderson;25/02/2014;Etats-Unis
The Last Girl : Celle Qui A Tous Les Dons;The Girl With All The Gifts;Colm McCarthy;;Angleterre
The Voices;The Voices;Marjane Satrapi;06/02/2015;Etats-Unis
Thor : Ragnarok;Thor : Ragnarok;Taika Waititi;07/10/2017;Etats-Unis
Titanic;Titanic;James Cameron;19/12/1997;Etats-Unis
Tom à la ferme;Tom à la ferme;Xavier Dolan;06/07/2016;Canada
Toute la beauté et le sang versé;All the Beauty and the Bloodshed;Laura Poitras;23/11/2022;Etats-Unis
Trois saisons;Three Seasons;Tony Bui;;Vietnam
Tunnel;Teoneol;Kim Seong-hoon;10/08/2016;Corée
Un illustre inconnu;Un illustre inconnu;Matthieu Delaporte;19/11/2014;France
Un long dimanche de fiancailles;Un long dimanche de fiancailles;Jean-Pierre Jeunet;27/10/2004;France
Une Affaire De Famille;Manbiki Kazoku;Koreeda Hirokazu;12/12/2018;Japon
Une sirène à Paris;Une sirène à Paris;Matthias Malzieu;24/06/2020;France
Us;Us;Jordan Peele;22/03/2019;Etats-Unis
Usual Suspect;Usual Suspect;Bryan Singer;16/08/1995;Etats-Unis
Vaiana;Moana;Ron Clements;23/11/2016;Etats-Unis
Very Bad Trip;The Hangover;Todd Phillips;05/06/2009;Etats-Unis
Very Bad Trip 2;The Hangover Part II;Todd Phillips;25/05/2011;Etats-Unis
Vice;Vice;Adam McKay;25/12/2018;Etats-Unis
Vorace;Ravenous;Antonia Bird;19/03/1999;Etats-Unis
X-men;X-men;Bryan Singer;14/07/2000;Etats-Unis
X-Men 2;X-Men 2;Bryan Singer;22/04/2003;Etats-Unis
Pride;Pride;Matthew Warchus;19/05/2014;Angleterre
Conclave;Conclave;Edward Berger;25/10/2024;Etats-Unis
La Forme de l'eau;The Shape of Water;Guillermo del Toro;08/12/2017;Etats-Unis
Chungking Express;Chung Hing sam lam;Wong Kar-wai;14/07/1994;Hong Kong
Mars Express;Mars Express;Jérémie Périn;22/11/2023;France
Flow;Straume;Gints Zilbalodis;30/10/2024;Lettonie
Star Wars, épisode I : La Menace fantôme;Star Wars: Episode I – The Phantom Menace;George Lucas;19/05/1999;Etats-Unis
Star Wars, épisode II : L'Attaque des clones;Star Wars: Episode II – Attack of the Clones;George Lucas;16/05/2002;Etats-Unis
Star Wars, épisode III : La Revanche des Sith;Star Wars: Episode III – Revenge of the Sith;George Lucas;18/05/2005;Etats-Unis
Forrest Gump;Forrest Gump;Robert Zemeckis;06/07/1994;Etats-Unis
Mafia Blues;Analyze This;Harold Ramis;05/03/1999;Etats-Unis
Kingdom of Heaven;Kingdom of Heaven;Ridley Scott;04/05/2005;Etats-Unis
Willow;Willow;Ron Howard;;Etats-Unis
Treasure Island;Treasure Island;Fraser Clarke Heston;22/01/1990;Etats-Unis
Alexandre Nevski;Александр Невский;Sergueï Eisenstein;01/12/1938;Russie
Mission: Impossible 3;Mission: Impossible III;J. J. Abrams;03/05/2006;Etats-Unis
Mission impossible 2;Mission: Impossible II;John Woo;24/05/2000;Etats-Unis
Mission impossible;Mission: Impossible;Brian De Palma;22/05/1996;Etats-Unis
Men in Black 2;Men in Black II;Barry Sonnenfeld;03/07/2002;Etats-Unis
Men in Black;Men in Black;Barry Sonnenfeld;02/07/1997;Etats-Unis
Le Fantôme de Barbe-Noire;Blackbeard's Ghost;Robert Stevenson;08/02/1968;Etats-Unis